ablation,models,status,weights,val_pr_auc,threshold_source,recall_target,min_recall,threshold,roc_auc,pr_auc,test_roc_auc,test_pr_auc,accuracy,precision,recall,specificity,f1,tn,fp,fn,tp
XGBoost only,XGBoost,ok,{'XGBoost': 1.0},0.17975511986995515,val_recall_0.6,True,0.6,0.39499999999999996,0.6377708978328173,0.19588953651237445,0.6377708978328173,0.19588953651237445,0.8333333333333334,0.16666666666666666,0.11764705882352941,0.924812030075188,0.13793103448275862,123,10,15,2
XGBoost + TabTransformer,XGBoost+TabTransformer,ok,"{'XGBoost': 0.08, 'TabTransformer': 0.92}",0.24150097925932573,val_recall_0.6,True,0.6,0.3549999999999999,0.5479876160990713,0.13522888087817977,0.5479876160990713,0.13522888087817977,0.5133333333333333,0.14102564102564102,0.6470588235294118,0.49624060150375937,0.23157894736842105,66,67,6,11
XGBoost + LightGBM + CatBoost,XGBoost+LightGBM+CatBoost,ok,"{'XGBoost': 0.0, 'LightGBM': 0.0, 'CatBoost': 1.0}",0.34471895467296854,val_recall_0.6,True,0.6,0.37999999999999995,0.676470588235294,0.21337169373563653,0.676470588235294,0.21337169373563653,0.6866666666666666,0.17391304347826086,0.47058823529411764,0.7142857142857143,0.25396825396825395,95,38,9,8
All models,Logistic Regression+XGBoost+XGBoost Calibrated+LightGBM+CatBoost+MLP+TabNet+TabTransformer+TabM,ok,"{'Logistic Regression': 0.0, 'XGBoost': 0.0, 'XGBoost Calibrated': 0.0, 'LightGBM': 0.0, 'CatBoost': 1.0, 'MLP': 0.0, 'TabNet': 0.0, 'TabTransformer': 0.0, 'TabM': 0.0}",0.34471895467296854,val_recall_0.6,True,0.6,0.37999999999999995,0.676470588235294,0.21337169373563653,0.676470588235294,0.21337169373563653,0.6866666666666666,0.17391304347826086,0.47058823529411764,0.7142857142857143,0.25396825396825395,95,38,9,8
